iso_a3,country,grid_pop_M,lived_density,arith_density_grid,C,is_key
MAC,Macao S.A.R,0.58,86330.0,20550.0,4.2,0
MDV,Maldives,0.24,56321.0,2014.0,28.0,0
HKG,Hong Kong S.A.R.,6.21,49795.0,5952.0,8.4,0
SGP,Singapore,5.65,39137.0,10959.0,3.6,0
COG,Republic of the Congo,6.38,32035.0,18.0,1742.6,0
SOM,Somalia,15.19,29151.0,32.0,911.4,0
EGY,Egypt,115.44,25502.0,115.0,221.9,0
-99,Somaliland,4.59,23404.0,27.0,859.7,0
COM,Comoros,0.78,19761.0,462.0,42.8,0
YEM,Yemen,35.73,18780.0,78.0,239.5,0
SSD,South Sudan,11.48,18001.0,18.0,989.1,0
DJI,Djibouti,1.12,17846.0,51.0,351.8,0
COD,Democratic Republic of the Congo,108.76,17522.0,46.0,377.1,0
IRN,Iran,89.85,17178.0,55.0,311.1,0
BHR,Bahrain,1.27,16666.0,1864.0,8.9,0
JOR,Jordan,11.44,16330.0,128.0,127.2,0
GNQ,Equatorial Guinea,1.67,15692.0,62.0,251.8,0
BGD,Bangladesh,173.74,15442.0,1264.0,12.2,1
COL,Colombia,52.26,14680.0,46.0,321.0,0
PRK,North Korea,25.74,14454.0,210.0,68.8,0
MAR,Morocco,38.77,14299.0,65.0,219.0,0
TUR,Turkey,85.18,13768.0,109.0,126.3,0
TWN,Taiwan,23.54,13603.0,647.0,21.0,0
AGO,Angola,38.7,13189.0,31.0,426.7,0
PAK,Pakistan,249.39,13056.0,285.0,45.9,1
CMR,Cameroon,30.1,12971.0,64.0,201.4,0
KOR,South Korea,50.6,12565.0,512.0,24.5,0
AFG,Afghanistan,44.22,12008.0,69.0,174.8,0
IRQ,Iraq,47.54,11758.0,108.0,108.5,0
KWT,Kuwait,4.32,11532.0,246.0,46.8,0
SDN,Sudan,50.8,11098.0,27.0,407.7,0
SYR,Syria,25.31,11089.0,136.0,81.6,0
PER,Peru,34.8,11007.0,27.0,410.6,0
MCO,Monaco,0.05,10936.0,2700.0,4.1,0
LBN,Lebanon,5.0,10381.0,498.0,20.8,0
IND,India,1450.23,10060.0,458.0,22.0,1
PHL,Philippines,111.86,9898.0,379.0,26.1,0
ISR,Israel,9.82,9858.0,442.0,22.3,0
PSE,Palestine,5.24,9604.0,861.0,11.2,0
CHN,China,1415.26,9544.0,151.0,63.3,1
ERI,Eritrea,3.8,9265.0,31.0,300.5,0
SEN,Senegal,18.47,9195.0,94.0,98.3,0
NGA,Nigeria,232.91,8867.0,255.0,34.8,1
QAT,Qatar,2.7,8760.0,241.0,36.3,0
MMR,Myanmar,53.85,8623.0,81.0,106.7,0
SLE,Sierra Leone,8.82,8486.0,122.0,69.3,0
DOM,Dominican Republic,11.28,8348.0,232.0,36.0,0
MRT,Mauritania,5.02,8322.0,5.0,1725.1,0
ESP,Spain,46.47,8304.0,92.0,90.7,0
KEN,Kenya,56.9,8124.0,97.0,84.2,0
CIV,Ivory Coast,29.51,8042.0,91.0,87.9,0
CUB,Cuba,11.0,7808.0,100.0,78.4,0
STP,São Tomé and Principe,0.23,7563.0,217.0,34.9,0
CAF,Central African Republic,6.04,7555.0,10.0,778.2,0
GHA,Ghana,35.22,7548.0,147.0,51.5,0
CHL,Chile,19.39,7357.0,26.0,279.9,0
VNM,Vietnam,98.27,7341.0,297.0,24.7,0
VEN,Venezuela,29.38,7207.0,32.0,225.3,0
GMB,Gambia,2.85,7163.0,269.0,26.6,0
SAU,Saudi Arabia,37.36,7013.0,19.0,362.4,0
ALB,Albania,2.8,7012.0,99.0,70.9,0
KGZ,Kyrgyzstan,6.87,6838.0,34.0,198.3,0
IDN,Indonesia,273.77,6823.0,145.0,47.2,1
ECU,Ecuador,18.0,6744.0,70.0,96.2,0
MDG,Madagascar,31.43,6743.0,53.0,127.9,0
ETH,Ethiopia,132.12,6598.0,116.0,56.7,0
HTI,Haiti,11.44,6503.0,423.0,15.4,0
DZA,Algeria,46.58,6477.0,20.0,322.2,0
ARE,United Arab Emirates,8.96,6399.0,126.0,51.0,0
BRA,Brazil,215.81,6338.0,25.0,250.3,1
GRC,Greece,9.76,6310.0,74.0,85.0,0
GAB,Gabon,2.47,6276.0,9.0,665.5,0
CPV,Cabo Verde,0.55,6272.0,139.0,45.0,0
TCD,Chad,19.26,6195.0,15.0,409.6,0
GIN,Guinea,14.83,6177.0,60.0,102.4,0
MNG,Mongolia,3.54,6136.0,2.0,2709.1,0
BTN,Bhutan,1.01,6067.0,25.0,244.4,0
BLR,Belarus,9.42,5972.0,45.0,131.3,0
NPL,Nepal,32.86,5811.0,222.0,26.1,0
MEX,Mexico,129.81,5796.0,66.0,87.8,0
NER,Niger,29.23,5790.0,25.0,235.3,0
ARG,Argentina,46.19,5676.0,17.0,342.7,0
ZAF,South Africa,61.45,5625.0,50.0,112.0,0
MLI,Mali,24.88,5548.0,20.0,280.9,0
BOL,Bolivia,12.68,5522.0,12.0,476.0,0
JPN,Japan,120.14,5466.0,321.0,17.0,1
TZA,United Republic of Tanzania,71.23,5343.0,75.0,71.1,0
GNB,Guinea-Bissau,2.19,5328.0,66.0,80.3,0
TKM,Turkmenistan,6.88,5325.0,15.0,364.9,0
RUS,Russia,145.09,5314.0,9.0,619.5,1
LBR,Liberia,5.44,5251.0,57.0,92.6,0
PAN,Panama,4.45,5207.0,59.0,87.7,0
TGO,Togo,9.44,5157.0,165.0,31.3,0
SLV,El Salvador,6.38,5141.0,309.0,16.6,0
AZE,Azerbaijan,10.41,5097.0,121.0,42.3,0
UZB,Uzbekistan,36.27,5096.0,81.0,63.0,0
NIC,Nicaragua,7.19,5085.0,56.0,91.6,0
HND,Honduras,10.84,5080.0,96.0,52.9,0
MLT,Malta,0.52,5029.0,1578.0,3.2,0
TJK,Tajikistan,10.55,4911.0,74.0,66.3,0
BEN,Benin,14.48,4841.0,124.0,39.0,0
TUN,Tunisia,12.47,4761.0,79.0,59.9,0
ZMB,Zambia,21.52,4740.0,28.0,166.6,0
MYS,Malaysia,33.88,4710.0,103.0,45.9,0
GIB,Gibraltar,0.01,4707.0,4328.0,1.1,0
URY,Uruguay,3.42,4697.0,19.0,244.3,0
KHM,Cambodia,17.24,4687.0,95.0,49.5,0
GTM,Guatemala,18.64,4620.0,170.0,27.1,0
GEO,Georgia,3.65,4474.0,52.0,85.3,0
THA,Thailand,71.74,4454.0,139.0,32.1,0
ARM,Armenia,2.76,4352.0,93.0,46.6,0
BDI,Burundi,13.9,4345.0,511.0,8.5,0
ITA,Italy,57.72,4257.0,192.0,22.2,0
GBR,United Kingdom,67.37,4251.0,277.0,15.3,0
KAZ,Kazakhstan,19.95,4134.0,7.0,562.0,0
CRI,Costa Rica,5.27,3976.0,102.0,38.9,0
TLS,East Timor,1.35,3911.0,89.0,44.1,0
OMN,Oman,4.81,3903.0,15.0,253.7,0
MOZ,Mozambique,35.51,3851.0,45.0,86.0,0
UKR,Ukraine,36.56,3807.0,64.0,59.5,0
MUS,Mauritius,1.28,3764.0,633.0,5.9,0
-99,France,66.35,3747.0,104.0,36.0,0
SRB,Republic of Serbia,7.15,3680.0,92.0,40.0,0
AUT,Austria,9.03,3612.0,108.0,33.6,0
PRT,Portugal,9.89,3600.0,108.0,33.3,0
ROU,Romania,19.28,3573.0,82.0,43.8,0
BFA,Burkina Faso,24.46,3475.0,89.0,39.0,0
NLD,Netherlands,17.61,3428.0,472.0,7.3,1
MNE,Montenegro,0.6,3384.0,43.0,78.1,0
MKD,North Macedonia,2.09,3363.0,82.0,40.9,0
-99,Kosovo,1.64,3285.0,150.0,21.9,0
BGR,Bulgaria,6.57,3189.0,58.0,54.8,0
DNK,Denmark,5.69,3167.0,134.0,23.7,0
BEL,Belgium,11.78,3148.0,384.0,8.2,0
CHE,Switzerland,8.93,3112.0,216.0,14.4,0
CAN,Canada,38.14,3108.0,4.0,807.4,0
AND,Andorra,0.08,3080.0,177.0,17.4,0
EST,Estonia,1.28,3072.0,28.0,109.8,0
-99,Cyprus No Mans Area,0.11,3049.0,339.0,9.0,0
JAM,Jamaica,2.71,2987.0,245.0,12.2,0
SWE,Sweden,10.27,2971.0,23.0,128.6,0
JEY,Jersey,0.07,2918.0,597.0,4.9,0
LKA,Sri Lanka,21.66,2778.0,325.0,8.6,0
NAM,Namibia,2.74,2732.0,3.0,823.3,0
DEU,Germany,83.17,2689.0,233.0,11.5,1
RWA,Rwanda,14.85,2682.0,583.0,4.6,0
SXM,Sint Maarten,0.03,2667.0,1049.0,2.5,0
AUS,Australia,26.48,2648.0,3.0,772.1,0
HUN,Hungary,9.88,2637.0,106.0,24.9,0
LUX,Luxembourg,0.66,2619.0,254.0,10.3,0
CYP,Cyprus,0.79,2601.0,146.0,17.9,0
TTO,Trinidad and Tobago,1.48,2583.0,287.0,9.0,0
PNG,Papua New Guinea,10.04,2569.0,21.0,119.7,0
POL,Poland,39.67,2544.0,127.0,20.1,0
BHS,The Bahamas,0.32,2518.0,25.0,99.3,0
ISL,Iceland,0.35,2450.0,3.0,723.0,0
PRY,Paraguay,6.95,2408.0,17.0,139.1,0
LBY,Libya,7.0,2402.0,4.0,559.2,0
GUY,Guyana,0.81,2340.0,4.0,616.0,0
NCL,New Caledonia,0.27,2332.0,14.0,164.5,0
-99,Northern Cyprus,0.33,2326.0,99.0,23.5,0
LVA,Latvia,1.77,2282.0,28.0,82.9,0
HRV,Croatia,3.7,2276.0,67.0,33.8,0
CZE,Czechia,10.48,2268.0,133.0,17.0,0
MWI,Malawi,22.19,2259.0,185.0,12.2,0
USA,United States of America,341.34,2235.0,36.0,62.0,1
-99,Norway,4.67,2214.0,12.0,180.0,0
-99,Baykonur Cosmodrome,0.07,2195.0,11.0,205.1,0
KIR,Kiribati,0.04,2190.0,44.0,50.0,0
PYF,French Polynesia,0.22,2166.0,65.0,33.1,0
IRL,Ireland,4.99,2166.0,72.0,30.1,0
FRO,Faroe Islands,0.04,2153.0,30.0,71.4,0
FJI,Fiji,0.85,2133.0,45.0,47.4,0
NZL,New Zealand,4.79,2122.0,18.0,119.0,0
DMA,Dominica,0.06,2098.0,80.0,26.1,0
IMN,Isle of Man,0.08,2090.0,141.0,14.8,0
UGA,Uganda,51.46,2088.0,211.0,9.9,0
SVK,Slovakia,5.61,2077.0,116.0,17.9,0
MAF,Saint Martin,0.04,2073.0,614.0,3.4,0
BWA,Botswana,2.74,2017.0,5.0,427.7,0
SUR,Suriname,0.61,1989.0,4.0,472.9,0
GGY,Guernsey,0.05,1974.0,781.0,2.5,0
LTU,Lithuania,2.66,1939.0,41.0,47.1,0
MDA,Moldova,3.22,1930.0,97.0,19.9,0
FIN,Finland,5.34,1874.0,16.0,116.3,0
CUW,Curaçao,0.19,1865.0,408.0,4.6,0
LCA,Saint Lucia,0.17,1861.0,288.0,6.5,0
BRB,Barbados,0.25,1810.0,566.0,3.2,0
BLZ,Belize,0.4,1810.0,18.0,102.6,0
CYM,Cayman Islands,0.07,1788.0,215.0,8.3,0
SYC,Seychelles,0.1,1765.0,228.0,7.7,0
BRN,Brunei,0.44,1741.0,77.0,22.6,0
SVN,Slovenia,2.13,1684.0,105.0,16.1,0
PRI,Puerto Rico,3.24,1633.0,358.0,4.6,0
VGB,British Virgin Islands,0.03,1620.0,183.0,8.8,0
VUT,Vanuatu,0.27,1612.0,22.0,74.7,0
BIH,Bosnia and Herzegovina,3.2,1584.0,62.0,25.6,0
SLB,Solomon Islands,0.53,1554.0,19.0,80.3,0
VCT,Saint Vincent and the Grenadines,0.08,1461.0,214.0,6.8,0
ABW,Aruba,0.09,1433.0,499.0,2.9,0
ZWE,Zimbabwe,17.32,1427.0,44.0,32.3,0
GUM,Guam,0.17,1409.0,296.0,4.8,0
GRD,Grenada,0.11,1387.0,310.0,4.5,0
BMU,Bermuda,0.05,1368.0,831.0,1.6,0
GRL,Greenland,0.02,1341.0,0.0,152569.9,0
ATG,Antigua and Barbuda,0.08,1282.0,181.0,7.1,0
WSM,Samoa,0.18,1211.0,65.0,18.7,0
-99,Dhekelia Sovereign Base Area,0.02,1209.0,126.0,9.6,0
SMR,San Marino,0.03,1162.0,437.0,2.7,0
MNP,Northern Mariana Islands,0.05,1149.0,80.0,14.3,0
TCA,Turks and Caicos Islands,0.04,1075.0,88.0,12.3,0
LIE,Liechtenstein,0.04,1047.0,304.0,3.4,0
MHL,Marshall Islands,0.0,1025.0,28.0,36.1,0
LSO,Lesotho,2.37,987.0,79.0,12.6,0
VIR,United States Virgin Islands,0.09,937.0,257.0,3.6,0
LAO,Laos,7.73,933.0,34.0,27.7,0
NRU,Nauru,0.01,933.0,363.0,2.6,0
SPM,Saint Pierre and Miquelon,0.01,831.0,22.0,37.7,0
ALA,Aland,0.03,808.0,30.0,27.2,0
ASM,American Samoa,0.04,801.0,199.0,4.0,0
BLM,Saint Barthelemy,0.01,781.0,400.0,1.9,0
-99,Akrotiri Sovereign Base Area,0.01,759.0,69.0,11.0,0
FSM,Federated States of Micronesia,0.06,751.0,88.0,8.5,0
KNA,Saint Kitts and Nevis,0.04,643.0,153.0,4.2,0
SWZ,eSwatini,1.23,619.0,72.0,8.7,0
-99,US Naval Base Guantanamo Bay,0.01,602.0,125.0,4.8,0
TUV,Tuvalu,0.0,572.0,63.0,9.1,0
TON,Tonga,0.04,501.0,75.0,6.7,0
FLK,Falkland Islands,0.0,421.0,0.0,1775.1,0
PLW,Palau,0.01,374.0,18.0,20.8,0
AIA,Anguilla,0.01,369.0,132.0,2.8,0
COK,Cook Islands,0.01,341.0,64.0,5.3,0
SHN,Saint Helena,0.0,279.0,12.0,22.9,0
MSR,Montserrat,0.0,271.0,41.0,6.7,0
WLF,Wallis and Futuna,0.01,219.0,42.0,5.3,0
NFK,Norfolk Island,0.0,154.0,46.0,3.3,0
ESH,Western Sahara,0.0,148.0,0.0,4653.8,0
NIU,Niue,0.0,122.0,7.0,16.3,0
PCN,Pitcairn Islands,0.0,37.0,2.0,23.7,0
-99,Siachen Glacier,0.0,19.0,0.0,707.3,0
-99,Indian Ocean Territories,0.0,8.0,0.0,31.4,0
-99,Southern Patagonian Ice Field,0.0,1.0,0.0,1404.0,0
