iso_a3,country,pop_est,area_km2,arith_density,is_key
VAT,Vatican,825.0,0.0,inf,0
-99,Coral Sea Islands,4.0,0.0,inf,0
MAC,Macao S.A.R,640445.0,30.0,21348.2,0
SGP,Singapore,5703569.0,514.0,11096.4,0
GIB,Gibraltar,33701.0,4.0,8425.2,0
HKG,Hong Kong S.A.R.,7507400.0,1041.0,7211.7,0
MDV,Maldives,530953.0,109.0,4871.1,0
BHR,Bahrain,1641172.0,691.0,2375.1,0
MCO,Monaco,38964.0,19.0,2050.7,0
SXM,Sint Maarten,40733.0,23.0,1771.0,0
MLT,Malta,502653.0,326.0,1541.9,0
BGD,Bangladesh,163046161.0,137524.0,1264.0,1
BMU,Bermuda,63918.0,62.0,1030.9,0
JEY,Jersey,107800.0,119.0,905.9,0
GGY,Guernsey,62792.0,74.0,848.5,0
PSE,Palestine,4685306.0,6092.0,769.1,0
LBN,Lebanon,6855713.0,10030.0,683.5,0
TWN,Taiwan,23568378.0,36362.0,648.2,0
BRB,Barbados,287025.0,447.0,642.1,0
MUS,Mauritius,1265711.0,2025.0,625.0,0
ABW,Aruba,106314.0,171.0,621.7,0
SMR,San Marino,33860.0,60.0,564.3,0
MAF,Saint Martin,38002.0,69.0,550.8,0
KOR,South Korea,51709098.0,98741.0,523.7,0
TUV,Tuvalu,11646.0,23.0,506.3,0
COM,Comoros,850886.0,1682.0,505.9,0
RWA,Rwanda,12626950.0,25475.0,495.7,0
NLD,Netherlands,17332850.0,37337.0,472.0,1
IND,India,1366417754.0,3165389.0,458.0,1
NRU,Nauru,12581.0,29.0,433.8,0
BDI,Burundi,11530580.0,27222.0,423.6,0
HTI,Haiti,11263077.0,27035.0,416.6,0
ISR,Israel,9053300.0,22170.0,408.4,0
BLM,Saint Barthelemy,9961.0,25.0,398.4,0
BEL,Belgium,11484055.0,30630.0,374.9,0
PHL,Philippines,108116615.0,295090.0,366.4,0
MHL,Marshall Islands,58791.0,166.0,354.2,0
PRI,Puerto Rico,3193694.0,9055.0,352.7,0
CUW,Curaçao,157538.0,466.0,338.1,0
LKA,Sri Lanka,21803000.0,66722.0,326.8,0
JPN,Japan,126264931.0,374168.0,321.0,1
GRD,Grenada,112003.0,349.0,320.9,0
SLV,El Salvador,6453553.0,20662.0,312.3,0
ASM,American Samoa,55312.0,181.0,305.6,0
LCA,Saint Lucia,182790.0,609.0,300.1,0
VCT,Saint Vincent and the Grenadines,110589.0,370.0,298.9,0
VIR,United States Virgin Islands,106631.0,357.0,298.7,0
GUM,Guam,167294.0,568.0,294.5,0
VNM,Vietnam,96462106.0,330727.0,291.7,0
PAK,Pakistan,216565318.0,875892.0,285.0,1
LIE,Liechtenstein,38019.0,137.0,277.5,0
GBR,United Kingdom,66834405.0,243280.0,274.7,0
TTO,Trinidad and Tobago,1394973.0,5155.0,270.6,0
JAM,Jamaica,2948279.0,11093.0,265.8,0
NGA,Nigeria,200963599.0,913257.0,255.0,1
QAT,Qatar,2832067.0,11198.0,252.9,0
KWT,Kuwait,4207083.0,17535.0,239.9,0
LUX,Luxembourg,619896.0,2606.0,237.9,0
DEU,Germany,83132799.0,357177.0,233.0,1
SYC,Seychelles,97625.0,439.0,222.4,0
GMB,Gambia,2347706.0,10564.0,222.2,0
CYP,Cyprus,1198575.0,5408.0,221.6,0
DOM,Dominican Republic,10738958.0,48698.0,220.5,0
ATG,Antigua and Barbuda,97118.0,454.0,213.9,0
PRK,North Korea,25666161.0,122520.0,209.5,0
CYM,Cayman Islands,64948.0,311.0,208.8,0
CHE,Switzerland,8574832.0,41419.0,207.0,0
STP,São Tomé and Principe,215056.0,1044.0,206.0,0
VGB,British Virgin Islands,30030.0,146.0,205.7,0
ITA,Italy,60297396.0,301351.0,200.1,0
KNA,Saint Kitts and Nevis,52834.0,266.0,198.6,0
NPL,Nepal,28608710.0,147653.0,193.8,0
UGA,Uganda,44269594.0,243480.0,181.8,0
FSM,Federated States of Micronesia,113815.0,638.0,178.4,0
TON,Tonga,104494.0,606.0,172.4,0
AND,Andorra,77142.0,453.0,170.3,0
AIA,Anguilla,14731.0,88.0,167.4,0
-99,Kosovo,1794248.0,10919.0,164.3,0
MWI,Malawi,18628747.0,120117.0,155.1,0
GTM,Guatemala,16604026.0,109437.0,151.7,0
CHN,China,1397715000.0,9394406.0,151.0,1
IMN,Isle of Man,84584.0,574.0,147.4,0
IDN,Indonesia,270625568.0,1892367.0,145.0,1
TGO,Togo,8082366.0,57229.0,141.2,0
CPV,Cabo Verde,549935.0,3949.0,139.3,0
ARE,United Arab Emirates,9770529.0,71407.0,136.8,0
DNK,Denmark,5818553.0,42590.0,136.6,0
CZE,Czechia,10669709.0,78673.0,135.6,0
THA,Thailand,69625582.0,517430.0,134.6,0
GHA,Ghana,30417856.0,240213.0,126.6,0
KIR,Kiribati,117606.0,956.0,123.0,0
POL,Poland,37970874.0,312917.0,121.3,0
AZE,Azerbaijan,10023318.0,86346.0,116.1,0
JOR,Jordan,10101694.0,89140.0,113.3,0
SVK,Slovakia,5454073.0,48417.0,112.6,0
PRT,Portugal,10269417.0,91507.0,112.2,0
SLE,Sierra Leone,7813215.0,72073.0,108.4,0
TUR,Turkey,83429615.0,781171.0,106.8,0
AUT,Austria,8877067.0,83943.0,105.8,0
-99,France,67059887.0,637161.0,105.2,0
HUN,Hungary,9769949.0,93155.0,104.9,0
SVN,Slovenia,2087946.0,20322.0,102.7,0
CUB,Cuba,11333483.0,110469.0,102.6,0
BEN,Benin,11801151.0,116851.0,101.0,0
ALB,Albania,2854191.0,28362.0,100.6,0
ARM,Armenia,2957731.0,29621.0,99.9,0
EGY,Egypt,100388073.0,1005119.0,99.9,0
ETH,Ethiopia,112078730.0,1134603.0,98.8,0
CRI,Costa Rica,5047561.0,51475.0,98.1,0
MNP,Northern Mariana Islands,57216.0,583.0,98.1,0
-99,Northern Cyprus,326000.0,3327.0,98.0,0
DMA,Dominica,71808.0,735.0,97.7,0
MYS,Malaysia,31949777.0,330072.0,96.8,0
ESP,Spain,47076781.0,507461.0,92.8,0
SYR,Syria,17070135.0,186367.0,91.6,0
-99,US Naval Base Guantanamo Bay,6000.0,66.0,90.9,0
COK,Cook Islands,17459.0,192.0,90.9,0
KHM,Cambodia,16486542.0,182161.0,90.5,0
IRQ,Iraq,39309783.0,438564.0,89.6,0
SRB,Republic of Serbia,6944975.0,77644.0,89.4,0
KEN,Kenya,52573973.0,589637.0,89.2,0
HND,Honduras,9746117.0,112894.0,86.3,0
TCA,Turks and Caicos Islands,38191.0,447.0,85.4,0
TLS,East Timor,1293119.0,15179.0,85.2,0
PYF,French Polynesia,279287.0,3356.0,83.2,0
SEN,Senegal,16296364.0,197383.0,82.6,0
WLF,Wallis and Futuna,11558.0,140.0,82.6,0
MKD,North Macedonia,2083459.0,25406.0,82.0,0
ROU,Romania,19356544.0,236334.0,81.9,0
GRC,Greece,10716322.0,131538.0,81.5,0
MMR,Myanmar,54045420.0,666446.0,81.1,0
MDA,Moldova,2657637.0,33190.0,80.1,0
CIV,Ivory Coast,25716544.0,322760.0,79.7,0
-99,Akrotiri Sovereign Base Area,7850.0,99.0,79.3,0
UKR,Ukraine,44385155.0,571456.0,77.7,0
BRN,Brunei,433285.0,5755.0,75.3,0
UZB,Uzbekistan,33580650.0,448182.0,74.9,0
TUN,Tunisia,11694719.0,157005.0,74.5,0
BFA,Burkina Faso,20321378.0,274440.0,74.0,0
HRV,Croatia,4067500.0,55023.0,73.9,0
IRL,Ireland,4941444.0,69315.0,71.3,0
WSM,Samoa,197097.0,2797.0,70.5,0
LSO,Lesotho,2125268.0,30211.0,70.3,0
ECU,Ecuador,17373662.0,256729.0,67.7,0
SWZ,eSwatini,1148130.0,17181.0,66.8,0
TJK,Tajikistan,9321018.0,142454.0,65.4,0
MEX,Mexico,127575529.0,1966640.0,64.9,0
YEM,Yemen,29161922.0,455667.0,64.0,0
BIH,Bosnia and Herzegovina,3301000.0,51837.0,63.7,0
BGR,Bulgaria,6975761.0,112820.0,61.8,0
MAR,Morocco,36471769.0,593757.0,61.4,0
-99,Dhekelia Sovereign Base Area,7850.0,128.0,61.3,0
IOT,British Indian Ocean Territory,3000.0,49.0,61.2,0
TZA,United Republic of Tanzania,58005463.0,947673.0,61.2,0
AFG,Afghanistan,38041754.0,643831.0,59.1,0
GNB,Guinea-Bissau,1920922.0,33031.0,58.2,0
PAN,Panama,4246439.0,75011.0,56.6,0
CMR,Cameroon,25876380.0,467376.0,55.4,0
GEO,Georgia,3720382.0,69618.0,53.4,0
NFK,Norfolk Island,2169.0,41.0,52.9,0
GIN,Guinea,12771246.0,245839.0,51.9,0
LBR,Liberia,4937374.0,95924.0,51.5,0
IRN,Iran,82913906.0,1627124.0,51.0,0
NIC,Nicaragua,6545502.0,129467.0,50.6,0
GNQ,Equatorial Guinea,1355986.0,26851.0,50.5,0
ERI,Eritrea,6081196.0,123248.0,49.3,0
ZAF,South Africa,58558270.0,1224180.0,47.8,0
FJI,Fiji,889953.0,19034.0,46.8,0
MSR,Montserrat,4649.0,100.0,46.5,0
BLR,Belarus,9466856.0,207095.0,45.7,0
MNE,Montenegro,622137.0,13735.0,45.3,0
MDG,Madagascar,26969307.0,596083.0,45.2,0
DJI,Djibouti,973560.0,21982.0,44.3,0
COL,Colombia,50339443.0,1142648.0,44.1,0
LTU,Lithuania,2786844.0,64786.0,43.0,0
MOZ,Mozambique,30366036.0,792793.0,38.3,0
ZWE,Zimbabwe,14645468.0,391404.0,37.4,0
COD,Democratic Republic of the Congo,86790567.0,2340650.0,37.1,0
FRO,Faroe Islands,48678.0,1324.0,36.8,0
PLW,Palau,18008.0,495.0,36.4,0
USA,United States of America,328239523.0,9469009.0,36.0,1
KGZ,Kyrgyzstan,6456900.0,199157.0,32.4,0
ALA,Aland,29884.0,939.0,31.8,0
LAO,Laos,7169455.0,229339.0,31.3,0
VEN,Venezuela,28515829.0,918623.0,31.0,0
BHS,The Bahamas,389482.0,12660.0,30.8,0
-99,Somaliland,5096159.0,168470.0,30.2,0
LVA,Latvia,1912789.0,64403.0,29.7,0
-99,Cyprus No Mans Area,10000.0,342.0,29.2,0
EST,Estonia,1326590.0,45678.0,29.0,0
CHL,Chile,18952038.0,738018.0,25.7,0
AGO,Angola,31825295.0,1252237.0,25.4,0
BRA,Brazil,211049527.0,8523997.0,25.0,1
PER,Peru,32510453.0,1298027.0,25.0,0
SPM,Saint Pierre and Miquelon,5997.0,243.0,24.7,0
SLB,Solomon Islands,669823.0,27373.0,24.5,0
VUT,Vanuatu,299882.0,12367.0,24.2,0
ZMB,Zambia,17861030.0,756420.0,23.6,0
SWE,Sweden,10285453.0,444490.0,23.1,0
SDN,Sudan,42813238.0,1866164.0,22.9,0
SOM,Somalia,10192317.3,474931.0,21.5,0
-99,Indian Ocean Territories,2387.0,113.0,21.1,0
NER,Niger,23310715.0,1187814.0,19.6,0
URY,Uruguay,3461734.0,177837.0,19.5,0
BTN,Bhutan,763092.0,40578.0,18.8,0
PNG,Papua New Guinea,8776109.0,468205.0,18.7,0
DZA,Algeria,43053054.0,2317479.0,18.6,0
NZL,New Zealand,4917000.0,268712.0,18.3,0
SAU,Saudi Arabia,34268528.0,1930318.0,17.8,0
SSD,South Sudan,11062113.0,630939.0,17.5,0
PRY,Paraguay,7044636.0,401756.0,17.5,0
BLZ,Belize,390353.0,22421.0,17.4,0
FIN,Finland,5520314.0,331677.0,16.6,0
ARG,Argentina,44938712.0,2789349.0,16.1,0
OMN,Oman,4974986.0,312789.0,15.9,0
MLI,Mali,19658031.0,1259626.0,15.6,0
COG,Republic of the Congo,5380508.0,347204.0,15.5,0
NCL,New Caledonia,287800.0,18935.0,15.2,0
-99,Norway,5347896.0,380388.0,14.1,0
TKM,Turkmenistan,5942089.0,471503.0,12.6,0
TCD,Chad,15946876.0,1273567.0,12.5,0
SHN,Saint Helena,4534.0,368.0,12.3,0
UMI,United States Minor Outlying Islands,300.0,28.0,10.7,0
BOL,Bolivia,11513100.0,1092895.0,10.5,0
RUS,Russia,144373535.0,16923966.0,9.0,1
GAB,Gabon,2172579.0,261718.0,8.3,0
-99,Spratly Islands,100.0,12.0,8.3,0
CAF,Central African Republic,4745185.0,622033.0,7.6,0
NIU,Niue,1620.0,222.0,7.3,0
KAZ,Kazakhstan,18513930.0,2712413.0,6.8,0
ESH,Western Sahara,603253.0,90900.0,6.6,0
-99,Baykonur Cosmodrome,36175.0,6500.0,5.6,0
MRT,Mauritania,4525696.0,1041681.0,4.3,0
LBY,Libya,6777452.0,1630170.0,4.2,0
SUR,Suriname,581363.0,146091.0,4.0,0
BWA,Botswana,2303697.0,581815.0,4.0,0
CAN,Canada,37589262.0,9916644.0,3.8,0
GUY,Guyana,782766.0,212614.0,3.7,0
ISL,Iceland,361313.0,101950.0,3.5,0
AUS,Australia,25364307.0,7723183.0,3.3,0
NAM,Namibia,2494530.0,826671.0,3.0,0
-99,Siachen Glacier,6000.0,2092.0,2.9,0
MNG,Mongolia,3225167.0,1564041.0,2.1,0
PCN,Pitcairn Islands,54.0,43.0,1.3,0
FLK,Falkland Islands,3398.0,11579.0,0.3,0
ATA,Antarctica,4490.0,12281652.0,0.0,0
GRL,Greenland,56225.0,2142676.0,0.0,0
ATF,French Southern and Antarctic Lands,140.0,7273.0,0.0,0
SGS,South Georgia and the Islands,30.0,3913.0,0.0,0
